{"filename":"data/loop.db.json","collections":[{"name":"loop","data":[{"nome":"teste 1","arquivo":"rtsp://184.72.239.149/vod/mp4:BigBuckBunny_175k.mov","delay_main":20000,"delay_extra":15000,"data":"{\"auth\":\"testando\",\"newfilename\":\"teste2.jpg\"}","method":"POST","api":"http://192.168.2.201/git/soulpcbr/syncway/teste/server01/receiver.php","meta":{"revision":0,"created":1513372548725,"version":0},"$loki":1}],"idIndex":[1],"binaryIndices":{},"constraints":null,"uniqueNames":[],"transforms":{},"objType":"loop","dirty":true,"cachedIndex":null,"cachedBinaryIndex":null,"cachedData":null,"adaptiveBinaryIndices":true,"transactional":false,"cloneObjects":false,"cloneMethod":"parse-stringify","asyncListeners":false,"disableChangesApi":true,"disableDeltaChangesApi":true,"autoupdate":false,"serializableIndices":true,"ttl":null,"maxId":1,"DynamicViews":[],"events":{"insert":[null,null],"update":[null],"pre-insert":[],"pre-update":[],"close":[],"flushbuffer":[],"error":[null],"delete":[null],"warning":[null]},"changes":[],"console":{}}],"databaseVersion":1.5,"engineVersion":1.5,"autosave":false,"autosaveInterval":5000,"autosaveHandle":null,"throttledSaves":true,"options":{"verbose":true,"persistenceMethod":"fs","autoload":true,"serializationMethod":"normal","destructureDelimiter":"$<\n","recursiveWait":true,"recursiveWaitLimit":false,"recursiveWaitLimitDuration":2000,"started":1513372440979},"persistenceMethod":"fs","persistenceAdapter":null,"verbose":true,"events":{"init":[null],"loaded":[],"flushChanges":[],"close":[],"changes":[],"warning":[]},"ENV":"NODEJS"}